,player_name,player_profile_url,player_code
1,Precious Achiuwa,/players/a/achiupr01.html,achiupr01
2,Steven Adams,/players/a/adamsst01.html,adamsst01
3,Bam Adebayo,/players/a/adebaba01.html,adebaba01
4,Ochai Agbaji,/players/a/agbajoc01.html,agbajoc01
5,Santi Aldama,/players/a/aldamsa01.html,aldamsa01
6,Ty-Shon Alexander,/players/a/alexaty01.html,alexaty01
7,Nickeil Alexander-Walker,/players/a/alexani01.html,alexani01
8,Rawle Alkins,/players/a/alkinra01.html,alkinra01
9,Grayson Allen,/players/a/allengr01.html,allengr01
10,Jarrett Allen,/players/a/allenja01.html,allenja01
11,Jose Alvarado,/players/a/alvarjo01.html,alvarjo01
12,Justin Anderson,/players/a/anderju01.html,anderju01
13,Kyle Anderson,/players/a/anderky01.html,anderky01
14,Giannis Antetokounmpo,/players/a/antetgi01.html,antetgi01
15,Kostas Antetokounmpo,/players/a/antetko01.html,antetko01
16,Thanasis Antetokounmpo,/players/a/antetth01.html,antetth01
17,Cole Anthony,/players/a/anthoco01.html,anthoco01
18,OG Anunoby,/players/a/anunoog01.html,anunoog01
19,Ryan Arcidiacono,/players/a/arcidry01.html,arcidry01
20,Trevor Ariza,/players/a/arizatr01.html,arizatr01
21,Deni Avdija,/players/a/avdijde01.html,avdijde01
22,Joel Ayayi,/players/a/ayayijo01.html,ayayijo01
23,Deandre Ayton,/players/a/aytonde01.html,aytonde01
24,Udoka Azubuike,/players/a/azubuud01.html,azubuud01
25,Marvin Bagley III,/players/b/baglema01.html,baglema01
26,Patrick Baldwin Jr.,/players/b/baldwpa01.html,baldwpa01
27,LaMelo Ball,/players/b/ballla01.html,ballla01.
28,Lonzo Ball,/players/b/balllo01.html,balllo01.
29,Mo Bamba,/players/b/bambamo01.html,bambamo01
30,Paolo Banchero,/players/b/banchpa01.html,banchpa01
31,Desmond Bane,/players/b/banede01.html,banede01.
32,Dalano Banton,/players/b/bantoda01.html,bantoda01
33,Cat Barber,/players/b/barbeca01.html,barbeca01
34,Dominick Barlow,/players/b/barlodo01.html,barlodo01
35,Harrison Barnes,/players/b/barneha02.html,barneha02
36,Scottie Barnes,/players/b/barnesc01.html,barnesc01
37,RJ Barrett,/players/b/barrerj01.html,barrerj01
38,Will Barton,/players/b/bartowi01.html,bartowi01
39,Paris Bass,/players/b/basspa01.html,basspa01.
40,Charles Bassey,/players/b/bassech01.html,bassech01
41,Keita Bates-Diop,/players/b/bateske01.html,bateske01
42,Nicolas Batum,/players/b/batumni01.html,batumni01
43,Kent Bazemore,/players/b/bazemke01.html,bazemke01
44,Darius Bazley,/players/b/bazleda01.html,bazleda01
45,Bradley Beal,/players/b/bealbr01.html,bealbr01.
46,Malik Beasley,/players/b/beaslma01.html,beaslma01
47,MarJon Beauchamp,/players/b/beaucma01.html,beaucma01
48,Jordan Bell,/players/b/belljo01.html,belljo01.
49,DeAndre' Bembry,/players/b/bembrde01.html,bembrde01
50,Dāvis Bertāns,/players/b/bertada01.html,bertada01
51,Patrick Beverley,/players/b/beverpa01.html,beverpa01
52,Saddiq Bey,/players/b/beysa01.html,beysa01.h
53,Tyler Bey,/players/b/beyty01.html,beyty01.h
54,Khem Birch,/players/b/birchkh01.html,birchkh01
55,Goga Bitadze,/players/b/bitadgo01.html,bitadgo01
56,Bismack Biyombo,/players/b/biyombi01.html,biyombi01
57,Buddy Boeheim,/players/b/boehebu01.html,boehebu01
58,Bogdan Bogdanović,/players/b/bogdabo01.html,bogdabo01
59,Bojan Bogdanović,/players/b/bogdabo02.html,bogdabo02
60,Bol Bol,/players/b/bolbo01.html,bolbo01.h
61,Marques Bolden,/players/b/boldema01.html,boldema01
62,Leandro Bolmaro,/players/b/bolmale01.html,bolmale01
63,Jordan Bone,/players/b/bonejo01.html,bonejo01.
64,Devin Booker,/players/b/bookede01.html,bookede01
65,Brandon Boston Jr.,/players/b/bostobr01.html,bostobr01
66,Chris Boucher,/players/b/bouchch01.html,bouchch01
67,James Bouknight,/players/b/bouknja01.html,bouknja01
68,Jamaree Bouyea,/players/b/bouyeja01.html,bouyeja01
69,Ky Bowman,/players/b/bowmaky01.html,bowmaky01
70,Tony Bradley,/players/b/bradlto01.html,bradlto01
71,Malaki Branham,/players/b/branhma01.html,branhma01
72,Jarrell Brantley,/players/b/brantja01.html,brantja01
73,Christian Braun,/players/b/braunch01.html,braunch01
74,Ignas Brazdeikis,/players/b/brazdig01.html,brazdig01
75,Mikal Bridges,/players/b/bridgmi01.html,bridgmi01
76,Miles Bridges,/players/b/bridgmi02.html,bridgmi02
77,Oshae Brissett,/players/b/brissos01.html,brissos01
78,Malcolm Brogdon,/players/b/brogdma01.html,brogdma01
79,Armoni Brooks,/players/b/brookar01.html,brookar01
80,Dillon Brooks,/players/b/brookdi01.html,brookdi01
81,Bruce Brown,/players/b/brownbr01.html,brownbr01
82,Charlie Brown Jr.,/players/b/brownch02.html,brownch02
83,Chaundee Brown Jr.,/players/b/brownch05.html,brownch05
84,Greg Brown III,/players/b/browngr01.html,browngr01
85,Jaylen Brown,/players/b/brownja02.html,brownja02
86,Kendall Brown,/players/b/brownke03.html,brownke03
87,Moses Brown,/players/b/brownmo01.html,brownmo01
88,Sterling Brown,/players/b/brownst02.html,brownst02
89,Troy Brown Jr.,/players/b/browntr01.html,browntr01
90,Jalen Brunson,/players/b/brunsja01.html,brunsja01
91,Thomas Bryant,/players/b/bryanth01.html,bryanth01
92,Shaq Buchanan,/players/b/buchash01.html,buchash01
93,Reggie Bullock,/players/b/bullore01.html,bullore01
94,Trey Burke,/players/b/burketr01.html,burketr01
95,Alec Burks,/players/b/burksal01.html,burksal01
96,Deonte Burton,/players/b/burtode02.html,burtode02
97,Jared Butler,/players/b/butleja02.html,butleja02
98,Jimmy Butler,/players/b/butleji01.html,butleji01
99,John Butler,/players/b/butlejo01.html,butlejo01
100,Bruno Caboclo,/players/c/cabocbr01.html,cabocbr01
101,Devontae Cacok,/players/c/cacokde01.html,cacokde01
102,Jamal Cain,/players/c/cainja01.html,cainja01.
103,Kentavious Caldwell-Pope,/players/c/caldwke01.html,caldwke01
104,Facundo Campazzo,/players/c/campafa01.html,campafa01
105,Vlatko Čančar,/players/c/cancavl01.html,cancavl01
106,Devin Cannady,/players/c/cannade01.html,cannade01
107,Clint Capela,/players/c/capelca01.html,capelca01
108,Vernon Carey Jr.,/players/c/careyve01.html,careyve01
109,Jevon Carter,/players/c/carteje01.html,carteje01
110,Wendell Carter Jr.,/players/c/cartewe01.html,cartewe01
111,Michael Carter-Williams,/players/c/cartemi01.html,cartemi01
112,Alex Caruso,/players/c/carusal01.html,carusal01
113,Willie Cauley-Stein,/players/c/caulewi01.html,caulewi01
114,Ahmad Caver,/players/c/caverah01.html,caverah01
115,Julian Champagnie,/players/c/champju02.html,champju02
116,Justin Champagnie,/players/c/champju01.html,champju01
117,Kennedy Chandler,/players/c/chandke01.html,chandke01
118,Zylan Cheatham,/players/c/cheatzy01.html,cheatzy01
119,Chris Chiozza,/players/c/chiozch01.html,chiozch01
120,Marquese Chriss,/players/c/chrisma01.html,chrisma01
121,Max Christie,/players/c/chrisma02.html,chrisma02
122,Josh Christopher,/players/c/chrisjo01.html,chrisjo01
123,Gary Clark,/players/c/clarkga01.html,clarkga01
124,Brandon Clarke,/players/c/clarkbr01.html,clarkbr01
125,Jordan Clarkson,/players/c/clarkjo01.html,clarkjo01
126,Nic Claxton,/players/c/claxtni01.html,claxtni01
127,Chris Clemons,/players/c/clemoch01.html,clemoch01
128,Amir Coffey,/players/c/coffeam01.html,coffeam01
129,John Collins,/players/c/collijo01.html,collijo01
130,Zach Collins,/players/c/colliza01.html,colliza01
131,Chance Comanche,/players/c/comanch01.html,comanch01
132,Mike Conley,/players/c/conlemi01.html,conlemi01
133,Pat Connaughton,/players/c/connapa01.html,connapa01
134,Tyler Cook,/players/c/cookty01.html,cookty01.
135,Xavier Cooks,/players/c/cooksxa01.html,cooksxa01
136,Sharife Cooper,/players/c/coopesh01.html,coopesh01
137,DeMarcus Cousins,/players/c/couside01.html,couside01
138,Robert Covington,/players/c/covinro01.html,covinro01
139,Allen Crabbe,/players/c/crabbal01.html,crabbal01
140,Torrey Craig,/players/c/craigto01.html,craigto01
141,Jae Crowder,/players/c/crowdja01.html,crowdja01
142,Jarrett Culver,/players/c/culveja01.html,culveja01
143,Cade Cunningham,/players/c/cunnica01.html,cunnica01
144,Seth Curry,/players/c/curryse01.html,curryse01
145,Stephen Curry,/players/c/curryst01.html,curryst01
146,Dyson Daniels,/players/d/daniedy01.html,daniedy01
147,Nate Darling,/players/d/darlina01.html,darlina01
148,Anthony Davis,/players/d/davisan02.html,davisan02
149,Johnny Davis,/players/d/davisjo06.html,davisjo06
150,Terence Davis,/players/d/daviste02.html,daviste02
151,JD Davison,/players/d/davisjd01.html,davisjd01
152,Darius Days,/players/d/daysda01.html,daysda01.
153,DeMar DeRozan,/players/d/derozde01.html,derozde01
154,Dewayne Dedmon,/players/d/dedmode01.html,dedmode01
155,Matthew Dellavedova,/players/d/dellama01.html,dellama01
156,Donte DiVincenzo,/players/d/divindo01.html,divindo01
157,Moussa Diabaté,/players/d/diabamo01.html,diabamo01
158,Mamadi Diakite,/players/d/diakima01.html,diakima01
159,Hamidou Diallo,/players/d/diallha01.html,diallha01
160,Gorgui Dieng,/players/d/dienggo01.html,dienggo01
161,Ousmane Dieng,/players/d/diengou01.html,diengou01
162,Spencer Dinwiddie,/players/d/dinwisp01.html,dinwisp01
163,Luka Dončić,/players/d/doncilu01.html,doncilu01
164,Tyler Dorsey,/players/d/dorsety01.html,dorsety01
165,Luguentz Dort,/players/d/dortlu01.html,dortlu01.
166,Ayo Dosunmu,/players/d/dosunay01.html,dosunay01
167,Devon Dotson,/players/d/dotsode01.html,dotsode01
168,Sekou Doumbouya,/players/d/doumbse01.html,doumbse01
169,Jeff Dowtin,/players/d/dowtije01.html,dowtije01
170,PJ Dozier,/players/d/doziepj01.html,doziepj01
171,Goran Dragić,/players/d/dragigo01.html,dragigo01
172,Andre Drummond,/players/d/drumman01.html,drumman01
173,Chris Duarte,/players/d/duartch01.html,duartch01
174,David Duke Jr.,/players/d/dukeda01.html,dukeda01.
175,Kris Dunn,/players/d/dunnkr01.html,dunnkr01.
176,Kevin Durant,/players/d/duranke01.html,duranke01
177,Jalen Duren,/players/d/durenja01.html,durenja01
178,Trevon Duval,/players/d/duvaltr01.html,duvaltr01
179,Tari Eason,/players/e/easonta01.html,easonta01
180,Jaime Echenique,/players/e/echenja01.html,echenja01
181,Anthony Edwards,/players/e/edwaran01.html,edwaran01
182,Carsen Edwards,/players/e/edwarca01.html,edwarca01
183,Kessler Edwards,/players/e/edwarke02.html,edwarke02
184,Rob Edwards,/players/e/edwarro01.html,edwarro01
185,Vince Edwards,/players/e/edwarvi01.html,edwarvi01
186,CJ Elleby,/players/e/ellebcj01.html,ellebcj01
187,Keon Ellis,/players/e/elliske01.html,elliske01
188,Joel Embiid,/players/e/embiijo01.html,embiijo01
189,Drew Eubanks,/players/e/eubandr01.html,eubandr01
190,Jacob Evans,/players/e/evansja02.html,evansja02
191,Kenneth Faried,/players/f/farieke01.html,farieke01
192,Derrick Favors,/players/f/favorde01.html,favorde01
193,Bruno Fernando,/players/f/fernabr01.html,fernabr01
194,Dorian Finney-Smith,/players/f/finnedo01.html,finnedo01
195,Malik Fitts,/players/f/fittsma01.html,fittsma01
196,Malachi Flynn,/players/f/flynnma01.html,flynnma01
197,Simone Fontecchio,/players/f/fontesi01.html,fontesi01
198,Bryn Forbes,/players/f/forbebr01.html,forbebr01
199,Aleem Ford,/players/f/fordal03.html,fordal03.
200,Trent Forrest,/players/f/forretr01.html,forretr01
201,Michael Foster Jr.,/players/f/fostemi02.html,fostemi02
202,Evan Fournier,/players/f/fournev01.html,fournev01
203,De'Aaron Fox,/players/f/foxde01.html,foxde01.h
204,Melvin Frazier,/players/f/frazime01.html,frazime01
205,Markelle Fultz,/players/f/fultzma01.html,fultzma01
206,Wenyen Gabriel,/players/g/gabriwe01.html,gabriwe01
207,Daniel Gafford,/players/g/gaffoda01.html,gaffoda01
208,Danilo Gallinari,/players/g/gallida01.html,gallida01
209,Langston Galloway,/players/g/gallola01.html,gallola01
210,Darius Garland,/players/g/garlada01.html,garlada01
211,Marcus Garrett,/players/g/garrema01.html,garrema01
212,Usman Garuba,/players/g/garubus01.html,garubus01
213,Luka Garza,/players/g/garzalu01.html,garzalu01
214,Rudy Gay,/players/g/gayru01.html,gayru01.h
215,Paul George,/players/g/georgpa01.html,georgpa01
216,Taj Gibson,/players/g/gibsota01.html,gibsota01
217,Josh Giddey,/players/g/giddejo01.html,giddejo01
218,Shai Gilgeous-Alexander,/players/g/gilgesh01.html,gilgesh01
219,Anthony Gill,/players/g/gillan01.html,gillan01.
220,Jacob Gilyard,/players/g/gilyaja01.html,gilyaja01
221,Rudy Gobert,/players/g/goberru01.html,goberru01
222,Brandon Goodwin,/players/g/goodwbr01.html,goodwbr01
223,Jordan Goodwin,/players/g/goodwjo01.html,goodwjo01
224,Aaron Gordon,/players/g/gordoaa01.html,gordoaa01
225,Eric Gordon,/players/g/gordoer01.html,gordoer01
226,Devonte' Graham,/players/g/grahade01.html,grahade01
227,Treveon Graham,/players/g/grahatr01.html,grahatr01
228,Jerami Grant,/players/g/grantje01.html,grantje01
229,Hassani Gravett,/players/g/graveha01.html,graveha01
230,RaiQuan Gray,/players/g/grayra01.html,grayra01.
231,A.J. Green,/players/g/greenaj01.html,greenaj01
232,Danny Green,/players/g/greenda02.html,greenda02
233,Draymond Green,/players/g/greendr01.html,greendr01
234,Jalen Green,/players/g/greenja05.html,greenja05
235,JaMychal Green,/players/g/greenja01.html,greenja01
236,Javonte Green,/players/g/greenja02.html,greenja02
237,Jeff Green,/players/g/greenje02.html,greenje02
238,Josh Green,/players/g/greenjo02.html,greenjo02
239,AJ Griffin,/players/g/griffaj01.html,griffaj01
240,Blake Griffin,/players/g/griffbl01.html,griffbl01
241,Quentin Grimes,/players/g/grimequ01.html,grimequ01
242,Kyle Guy,/players/g/guyky01.html,guyky01.h
243,Rui Hachimura,/players/h/hachiru01.html,hachiru01
244,Ashton Hagans,/players/h/haganas01.html,haganas01
245,Tyrese Haliburton,/players/h/halibty01.html,halibty01
246,Devon Hall,/players/h/hallde01.html,hallde01.
247,Jordan Hall,/players/h/halljo02.html,halljo02.
248,Josh Hall,/players/h/halljo01.html,halljo01.
249,Tyler Hall,/players/h/hallty01.html,hallty01.
250,R.J. Hampton,/players/h/hamptrj01.html,hamptrj01
251,Dusty Hannahs,/players/h/hannadu01.html,hannadu01
252,Tim Hardaway Jr.,/players/h/hardati02.html,hardati02
253,James Harden,/players/h/hardeja01.html,hardeja01
254,Jaden Hardy,/players/h/hardyja02.html,hardyja02
255,Maurice Harkless,/players/h/harklma01.html,harklma01
256,Ron Harper Jr.,/players/h/harpero02.html,harpero02
257,Montrezl Harrell,/players/h/harremo01.html,harremo01
258,Gary Harris,/players/h/harriga01.html,harriga01
259,Jalen Harris,/players/h/harrija01.html,harrija01
260,Joe Harris,/players/h/harrijo01.html,harrijo01
261,Kevon Harris,/players/h/harrike01.html,harrike01
262,Tobias Harris,/players/h/harrito02.html,harrito02
263,Shaquille Harrison,/players/h/harrish01.html,harrish01
264,Josh Hart,/players/h/hartjo01.html,hartjo01.
265,Isaiah Hartenstein,/players/h/harteis01.html,harteis01
266,Udonis Haslem,/players/h/hasleud01.html,hasleud01
267,Sam Hauser,/players/h/hausesa01.html,hausesa01
268,Jaxson Hayes,/players/h/hayesja02.html,hayesja02
269,Killian Hayes,/players/h/hayeski01.html,hayeski01
270,Gordon Hayward,/players/h/haywago01.html,haywago01
271,Dewan Hernandez,/players/h/hernade01.html,hernade01
272,Juancho Hernangómez,/players/h/hernaju01.html,hernaju01
273,Willy Hernangómez,/players/h/hernawi01.html,hernawi01
274,Tyler Herro,/players/h/herroty01.html,herroty01
275,Kevin Hervey,/players/h/herveke01.html,herveke01
276,Buddy Hield,/players/h/hieldbu01.html,hieldbu01
277,Haywood Highsmith,/players/h/highsha01.html,highsha01
278,George Hill,/players/h/hillge01.html,hillge01.
279,Malcolm Hill,/players/h/hillma01.html,hillma01.
280,Nate Hinton,/players/h/hintona01.html,hintona01
281,Aaron Holiday,/players/h/holidaa01.html,holidaa01
282,Jrue Holiday,/players/h/holidjr01.html,holidjr01
283,Justin Holiday,/players/h/holidju01.html,holidju01
284,Richaun Holmes,/players/h/holmeri01.html,holmeri01
285,Scotty Hopson,/players/h/hopsosc01.html,hopsosc01
286,Al Horford,/players/h/horfoal01.html,horfoal01
287,Talen Horton-Tucker,/players/h/hortota01.html,hortota01
288,Danuel House Jr.,/players/h/houseda01.html,houseda01
289,Caleb Houstan,/players/h/houstca01.html,houstca01
290,Trevor Hudgins,/players/h/hudgitr01.html,hudgitr01
291,Kevin Huerter,/players/h/huertke01.html,huertke01
292,Jay Huff,/players/h/huffja01.html,huffja01.
293,Elijah Hughes,/players/h/hugheel01.html,hugheel01
294,Feron Hunt,/players/h/huntfe01.html,huntfe01.
295,De'Andre Hunter,/players/h/huntede01.html,huntede01
296,Chandler Hutchison,/players/h/hutchch01.html,hutchch01
297,Bones Hyland,/players/h/hylanbo01.html,hylanbo01
298,Serge Ibaka,/players/i/ibakase01.html,ibakase01
299,Andre Iguodala,/players/i/iguodan01.html,iguodan01
300,Joe Ingles,/players/i/inglejo01.html,inglejo01
301,Brandon Ingram,/players/i/ingrabr01.html,ingrabr01
302,Kyrie Irving,/players/i/irvinky01.html,irvinky01
303,Jonathan Isaac,/players/i/isaacjo01.html,isaacjo01
304,Jaden Ivey,/players/i/iveyja01.html,iveyja01.
305,Wes Iwundu,/players/i/iwundwe01.html,iwundwe01
306,Frank Jackson,/players/j/jacksfr01.html,jacksfr01
307,Isaiah Jackson,/players/j/jacksis01.html,jacksis01
308,Jaren Jackson Jr.,/players/j/jacksja02.html,jacksja02
309,Josh Jackson,/players/j/jacksjo02.html,jacksjo02
310,Justin Jackson,/players/j/jacksju01.html,jacksju01
311,Quenton Jackson,/players/j/jacksqu01.html,jacksqu01
312,Reggie Jackson,/players/j/jacksre01.html,jacksre01
313,Justin James,/players/j/jamesju01.html,jamesju01
314,LeBron James,/players/j/jamesle01.html,jamesle01
315,DaQuan Jeffries,/players/j/jeffrda01.html,jeffrda01
316,John Jenkins,/players/j/jenkijo01.html,jenkijo01
317,Ty Jerome,/players/j/jeromty01.html,jeromty01
318,Isaiah Joe,/players/j/joeis01.html,joeis01.h
319,Alize Johnson,/players/j/johnsal02.html,johnsal02
320,Cameron Johnson,/players/j/johnsca02.html,johnsca02
321,David Johnson,/players/j/johnsda08.html,johnsda08
322,Jalen Johnson,/players/j/johnsja05.html,johnsja05
323,James Johnson,/players/j/johnsja01.html,johnsja01
324,Keldon Johnson,/players/j/johnske04.html,johnske04
325,Keon Johnson,/players/j/johnske07.html,johnske07
326,Stanley Johnson,/players/j/johnsst04.html,johnsst04
327,Nikola Jokić,/players/j/jokicni01.html,jokicni01
328,Carlik Jones,/players/j/jonesca03.html,jonesca03
329,Damian Jones,/players/j/jonesda03.html,jonesda03
330,Derrick Jones Jr.,/players/j/jonesde02.html,jonesde02
331,Herbert Jones,/players/j/joneshe01.html,joneshe01
332,Jemerrio Jones,/players/j/jonesje01.html,jonesje01
333,Kai Jones,/players/j/joneska01.html,joneska01
334,Mason Jones,/players/j/jonesma05.html,jonesma05
335,Tre Jones,/players/j/jonestr01.html,jonestr01
336,Tyus Jones,/players/j/jonesty01.html,jonesty01
337,DeAndre Jordan,/players/j/jordade01.html,jordade01
338,Cory Joseph,/players/j/josepco01.html,josepco01
339,Nikola Jović,/players/j/jovicni01.html,jovicni01
340,Johnny Juzang,/players/j/juzanjo01.html,juzanjo01
341,Mfiondu Kabengele,/players/k/kabenmf01.html,kabenmf01
342,Frank Kaminsky,/players/k/kaminfr01.html,kaminfr01
343,Trevor Keels,/players/k/keelstr01.html,keelstr01
344,Luke Kennard,/players/k/kennalu01.html,kennalu01
345,Walker Kessler,/players/k/kesslwa01.html,kesslwa01
346,Braxton Key,/players/k/keybr01.html,keybr01.h
347,George King,/players/k/kingge03.html,kingge03.
348,Louis King,/players/k/kinglo02.html,kinglo02.
349,Corey Kispert,/players/k/kispeco01.html,kispeco01
350,Maxi Kleber,/players/k/klebima01.html,klebima01
351,Nathan Knight,/players/k/knighna01.html,knighna01
352,Kevin Knox,/players/k/knoxke01.html,knoxke01.
353,Christian Koloko,/players/k/kolokch01.html,kolokch01
354,John Konchar,/players/k/konchjo01.html,konchjo01
355,Furkan Korkmaz,/players/k/korkmfu01.html,korkmfu01
356,Luke Kornet,/players/k/kornelu01.html,kornelu01
357,Vit Krejci,/players/k/krejcvi01.html,krejcvi01
358,Jonathan Kuminga,/players/k/kuminjo01.html,kuminjo01
359,Kyle Kuzma,/players/k/kuzmaky01.html,kuzmaky01
360,Jake LaRavia,/players/l/laravja01.html,laravja01
361,Zach LaVine,/players/l/lavinza01.html,lavinza01
362,Anthony Lamb,/players/l/lamban01.html,lamban01.
363,Jock Landale,/players/l/landajo01.html,landajo01
364,Romeo Langford,/players/l/langfro01.html,langfro01
365,A.J. Lawson,/players/l/lawsoaj01.html,lawsoaj01
366,Jake Layman,/players/l/laymaja01.html,laymaja01
367,Caris LeVert,/players/l/leverca01.html,leverca01
368,Jalen Lecque,/players/l/lecquja01.html,lecquja01
369,Damion Lee,/players/l/leeda03.html,leeda03.h
370,Saben Lee,/players/l/leesa01.html,leesa01.h
371,Alex Len,/players/l/lenal01.html,lenal01.h
372,Kawhi Leonard,/players/l/leonaka01.html,leonaka01
373,Meyers Leonard,/players/l/leoname01.html,leoname01
374,Kira Lewis Jr.,/players/l/lewiski01.html,lewiski01
375,Damian Lillard,/players/l/lillada01.html,lillada01
376,Nassir Little,/players/l/littlna01.html,littlna01
377,Isaiah Livers,/players/l/liveris01.html,liveris01
378,Kenneth Lofton Jr.,/players/l/loftoke01.html,loftoke01
379,Kevon Looney,/players/l/looneke01.html,looneke01
380,Brook Lopez,/players/l/lopezbr01.html,lopezbr01
381,Robin Lopez,/players/l/lopezro01.html,lopezro01
382,Didi Louzada,/players/l/louzama01.html,louzama01
383,Kevin Love,/players/l/loveke01.html,loveke01.
384,Kyle Lowry,/players/l/lowryky01.html,lowryky01
385,Timothé Luwawu-Cabarrot,/players/l/luwawti01.html,luwawti01
386,Trey Lyles,/players/l/lylestr01.html,lylestr01
387,Théo Maledon,/players/m/maledth01.html,maledth01
388,Sandro Mamukelashvili,/players/m/mamuksa01.html,mamuksa01
389,Karim Mané,/players/m/maneka01.html,maneka01.
390,Terance Mann,/players/m/mannte01.html,mannte01.
391,Tre Mann,/players/m/manntr01.html,manntr01.
392,Nico Mannion,/players/m/mannini01.html,mannini01
393,Boban Marjanović,/players/m/marjabo01.html,marjabo01
394,Lauri Markkanen,/players/m/markkla01.html,markkla01
395,Naji Marshall,/players/m/marshna01.html,marshna01
396,Caleb Martin,/players/m/martica02.html,martica02
397,Cody Martin,/players/m/martico01.html,martico01
398,Kelan Martin,/players/m/martike03.html,martike03
399,Kenyon Martin Jr.,/players/m/martike04.html,martike04
400,Tyrese Martin,/players/m/martity01.html,martity01
401,Garrison Mathews,/players/m/mathega01.html,mathega01
402,Dakota Mathias,/players/m/mathida01.html,mathida01
403,Bennedict Mathurin,/players/m/mathube01.html,mathube01
404,Wesley Matthews,/players/m/matthwe02.html,matthwe02
405,Tyrese Maxey,/players/m/maxeyty01.html,maxeyty01
406,Skylar Mays,/players/m/mayssk01.html,mayssk01.
407,Miles McBride,/players/m/mcbrimi01.html,mcbrimi01
408,Patrick McCaw,/players/m/mccawpa01.html,mccawpa01
409,Mac McClung,/players/m/mccluma01.html,mccluma01
410,CJ McCollum,/players/m/mccolcj01.html,mccolcj01
411,T.J. McConnell,/players/m/mccontj01.html,mccontj01
412,Jaden McDaniels,/players/m/mcdanja02.html,mcdanja02
413,Jalen McDaniels,/players/m/mcdanja01.html,mcdanja01
414,Doug McDermott,/players/m/mcderdo01.html,mcderdo01
415,Sean McDermott,/players/m/mcderse01.html,mcderse01
416,JaVale McGee,/players/m/mcgeeja01.html,mcgeeja01
417,Bryce McGowens,/players/m/mcgowbr01.html,mcgowbr01
418,Rodney McGruder,/players/m/mcgruro01.html,mcgruro01
419,Alfonzo McKinnie,/players/m/mckinal01.html,mckinal01
420,JaQuori McLaughlin,/players/m/mclauja01.html,mclauja01
421,Jordan McLaughlin,/players/m/mclaujo01.html,mclaujo01
422,De'Anthony Melton,/players/m/meltode01.html,meltode01
423,Sam Merrill,/players/m/merrisa01.html,merrisa01
424,Chimezie Metu,/players/m/metuch01.html,metuch01.
425,Khris Middleton,/players/m/middlkh01.html,middlkh01
426,Eric Mika,/players/m/mikaer01.html,mikaer01.
427,Malcolm Miller,/players/m/millema01.html,millema01
428,Patty Mills,/players/m/millspa02.html,millspa02
429,Shake Milton,/players/m/miltosh01.html,miltosh01
430,Justin Minaya,/players/m/minayju01.html,minayju01
431,Josh Minott,/players/m/minotjo01.html,minotjo01
432,Davion Mitchell,/players/m/mitchda01.html,mitchda01
433,Donovan Mitchell,/players/m/mitchdo01.html,mitchdo01
434,Evan Mobley,/players/m/mobleev01.html,mobleev01
435,Isaiah Mobley,/players/m/mobleis01.html,mobleis01
436,Adam Mokoka,/players/m/mokokad01.html,mokokad01
437,Chima Moneke,/players/m/monekch01.html,monekch01
438,Malik Monk,/players/m/monkma01.html,monkma01.
439,Moses Moody,/players/m/moodymo01.html,moodymo01
440,Xavier Moon,/players/m/moonxa01.html,moonxa01.
441,Wendell Moore Jr.,/players/m/moorewe01.html,moorewe01
442,Ja Morant,/players/m/moranja01.html,moranja01
443,Juwan Morgan,/players/m/morgaju01.html,morgaju01
444,Marcus Morris,/players/m/morrima03.html,morrima03
445,Markieff Morris,/players/m/morrima02.html,morrima02
446,Monte Morris,/players/m/morrimo01.html,morrimo01
447,Emmanuel Mudiay,/players/m/mudiaem01.html,mudiaem01
448,Mychal Mulder,/players/m/muldemy01.html,muldemy01
449,Trey Murphy III,/players/m/murphtr02.html,murphtr02
450,Dejounte Murray,/players/m/murrade01.html,murrade01
451,Jamal Murray,/players/m/murraja01.html,murraja01
452,Keegan Murray,/players/m/murrake02.html,murrake02
453,Mike Muscala,/players/m/muscami01.html,muscami01
454,Svi Mykhailiuk,/players/m/mykhasv01.html,mykhasv01
455,Larry Nance Jr.,/players/n/nancela02.html,nancela02
456,Shabazz Napier,/players/n/napiesh01.html,napiesh01
457,Andrew Nembhard,/players/n/nembhan01.html,nembhan01
458,RJ Nembhard Jr.,/players/n/nembhrj01.html,nembhrj01
459,Aaron Nesmith,/players/n/nesmiaa01.html,nesmiaa01
460,Raul Neto,/players/n/netora01.html,netora01.
461,Georges Niang,/players/n/niangge01.html,niangge01
462,Daishen Nix,/players/n/nixda01.html,nixda01.h
463,Zeke Nnaji,/players/n/nnajize01.html,nnajize01
464,Nerlens Noel,/players/n/noelne01.html,noelne01.
465,Jaylen Nowell,/players/n/nowelja01.html,nowelja01
466,Frank Ntilikina,/players/n/ntilila01.html,ntilila01
467,Kendrick Nunn,/players/n/nunnke01.html,nunnke01.
468,Jusuf Nurkić,/players/n/nurkiju01.html,nurkiju01
469,David Nwaba,/players/n/nwabada01.html,nwabada01
470,Jordan Nwora,/players/n/nworajo01.html,nworajo01
471,Royce O'Neale,/players/o/onealro01.html,onealro01
472,Jahlil Okafor,/players/o/okafoja01.html,okafoja01
473,Chuma Okeke,/players/o/okekech01.html,okekech01
474,Josh Okogie,/players/o/okogijo01.html,okogijo01
475,Onyeka Okongwu,/players/o/okongon01.html,okongon01
476,Isaac Okoro,/players/o/okorois01.html,okorois01
477,KZ Okpala,/players/o/okpalkz01.html,okpalkz01
478,Victor Oladipo,/players/o/oladivi01.html,oladivi01
479,Cameron Oliver,/players/o/oliveca01.html,oliveca01
480,Kelly Olynyk,/players/o/olynyke01.html,olynyke01
481,Eugene Omoruyi,/players/o/omorueu01.html,omorueu01
482,Miye Oni,/players/o/onimi01.html,onimi01.h
483,Cedi Osman,/players/o/osmande01.html,osmande01
484,Daniel Oturu,/players/o/oturuda01.html,oturuda01
485,Kelly Oubre Jr.,/players/o/oubreke01.html,oubreke01
486,Trayvon Palmer,/players/p/palmetr01.html,palmetr01
487,Jeremy Pargo,/players/p/pargoje01.html,pargoje01
488,Eric Paschall,/players/p/pascher01.html,pascher01
489,Chris Paul,/players/p/paulch01.html,paulch01.
490,Cameron Payne,/players/p/payneca01.html,payneca01
491,Gary Payton II,/players/p/paytoga02.html,paytoga02
492,Norvel Pelle,/players/p/pelleno01.html,pelleno01
493,Reggie Perry,/players/p/perryre01.html,perryre01
494,Jamorko Pickett,/players/p/pickeja01.html,pickeja01
495,Theo Pinson,/players/p/pinsoth01.html,pinsoth01
496,Scotty Pippen Jr.,/players/p/pippesc02.html,pippesc02
497,Mason Plumlee,/players/p/plumlma01.html,plumlma01
498,Jakob Poeltl,/players/p/poeltja01.html,poeltja01
499,Aleksej Pokusevski,/players/p/pokusal01.html,pokusal01
500,Shamorie Ponds,/players/p/pondssh01.html,pondssh01
501,Yves Pons,/players/p/ponsyv01.html,ponsyv01.
502,Jordan Poole,/players/p/poolejo01.html,poolejo01
503,Jontay Porter,/players/p/portejo01.html,portejo01
504,Kevin Porter Jr.,/players/p/porteke02.html,porteke02
505,Michael Porter Jr.,/players/p/portemi01.html,portemi01
506,Otto Porter Jr.,/players/p/porteot01.html,porteot01
507,Bobby Portis,/players/p/portibo01.html,portibo01
508,Kristaps Porziņģis,/players/p/porzikr01.html,porzikr01
509,Micah Potter,/players/p/pottemi01.html,pottemi01
510,Dwight Powell,/players/p/poweldw01.html,poweldw01
511,Norman Powell,/players/p/powelno01.html,powelno01
512,Jason Preston,/players/p/prestja01.html,prestja01
513,Joshua Primo,/players/p/primojo01.html,primojo01
514,Taurean Prince,/players/p/princta02.html,princta02
515,Payton Pritchard,/players/p/pritcpa01.html,pritcpa01
516,Trevelin Queen,/players/q/queentr01.html,queentr01
517,Neemias Queta,/players/q/quetane01.html,quetane01
518,Immanuel Quickley,/players/q/quickim01.html,quickim01
519,Lester Quinones,/players/q/quinole01.html,quinole01
520,Jahmi'us Ramsey,/players/r/ramseja01.html,ramseja01
521,Chasson Randle,/players/r/randlch01.html,randlch01
522,Julius Randle,/players/r/randlju01.html,randlju01
523,Austin Reaves,/players/r/reaveau01.html,reaveau01
524,Josh Reaves,/players/r/reavejo02.html,reavejo02
525,Cam Reddish,/players/r/reddica01.html,reddica01
526,Davon Reed,/players/r/reedda01.html,reedda01.
527,Paul Reed,/players/r/reedpa01.html,reedpa01.
528,Naz Reid,/players/r/reidna01.html,reidna01.
529,Jared Rhoden,/players/r/rhodeja01.html,rhodeja01
530,Nick Richards,/players/r/richani01.html,richani01
531,Josh Richardson,/players/r/richajo01.html,richajo01
532,Grant Riller,/players/r/rillegr01.html,rillegr01
533,Austin Rivers,/players/r/riverau01.html,riverau01
534,Duncan Robinson,/players/r/robindu01.html,robindu01
535,Jerome Robinson,/players/r/robinje01.html,robinje01
536,Justin Robinson,/players/r/robinju01.html,robinju01
537,Mitchell Robinson,/players/r/robinmi01.html,robinmi01
538,Orlando Robinson,/players/r/robinor01.html,robinor01
539,Jeremiah Robinson-Earl,/players/r/robinje02.html,robinje02
540,Isaiah Roby,/players/r/robyis01.html,robyis01.
541,David Roddy,/players/r/roddyda01.html,roddyda01
542,Ryan Rollins,/players/r/rolliry01.html,rolliry01
543,Derrick Rose,/players/r/rosede01.html,rosede01.
544,Terrence Ross,/players/r/rosste01.html,rosste01.
545,Terry Rozier,/players/r/roziete01.html,roziete01
546,Ricky Rubio,/players/r/rubiori01.html,rubiori01
547,D'Angelo Russell,/players/r/russeda01.html,russeda01
548,Matt Ryan,/players/r/ryanma01.html,ryanma01.
549,Domantas Sabonis,/players/s/sabondo01.html,sabondo01
550,Luka Šamanić,/players/s/samanlu01.html,samanlu01
551,Brandon Sampson,/players/s/sampsbr01.html,sampsbr01
552,Dario Šarić,/players/s/saricda01.html,saricda01
553,Olivier Sarr,/players/s/sarrol01.html,sarrol01.
554,Jordan Schakel,/players/s/schakjo01.html,schakjo01
555,Admiral Schofield,/players/s/schofad01.html,schofad01
556,Dennis Schröder,/players/s/schrode01.html,schrode01
557,Jay Scrubb,/players/s/scrubja01.html,scrubja01
558,Dereon Seabron,/players/s/seabrde01.html,seabrde01
559,Alperen Şengün,/players/s/sengual01.html,sengual01
560,Collin Sexton,/players/s/sextoco01.html,sextoco01
561,Landry Shamet,/players/s/shamela01.html,shamela01
562,Day'Ron Sharpe,/players/s/sharpda01.html,sharpda01
563,Shaedon Sharpe,/players/s/sharpsh01.html,sharpsh01
564,Marial Shayok,/players/s/shayoma01.html,shayoma01
565,Pascal Siakam,/players/s/siakapa01.html,siakapa01
566,Chris Silva,/players/s/silvach01.html,silvach01
567,Ben Simmons,/players/s/simmobe01.html,simmobe01
568,Kobi Simmons,/players/s/simmoko01.html,simmoko01
569,Marko Simonovic,/players/s/simonma01.html,simonma01
570,Anfernee Simons,/players/s/simonan01.html,simonan01
571,Zavier Simpson,/players/s/simpsza01.html,simpsza01
572,Jericho Sims,/players/s/simsje01.html,simsje01.
573,Deividas Sirvydis,/players/s/sirvyde01.html,sirvyde01
574,Alen Smailagić,/players/s/smailal01.html,smailal01
575,Javonte Smart,/players/s/smartja01.html,smartja01
576,Marcus Smart,/players/s/smartma01.html,smartma01
577,Dennis Smith Jr.,/players/s/smithde03.html,smithde03
578,Dru Smith,/players/s/smithdr01.html,smithdr01
579,Ish Smith,/players/s/smithis01.html,smithis01
580,Jabari Smith Jr.,/players/s/smithja05.html,smithja05
581,Jalen Smith,/players/s/smithja04.html,smithja04
582,Zhaire Smith,/players/s/smithzh01.html,smithzh01
583,Xavier Sneed,/players/s/sneedxa01.html,sneedxa01
584,Jeremy Sochan,/players/s/sochaje01.html,sochaje01
585,Ray Spalding,/players/s/spaldra01.html,spaldra01
586,Omari Spellman,/players/s/spellom01.html,spellom01
587,Jaden Springer,/players/s/sprinja01.html,sprinja01
588,Cassius Stanley,/players/s/stanlca01.html,stanlca01
589,Nik Stauskas,/players/s/stausni01.html,stausni01
590,Lamar Stevens,/players/s/stevela01.html,stevela01
591,Isaiah Stewart,/players/s/stewais01.html,stewais01
592,Max Strus,/players/s/strusma01.html,strusma01
593,Jalen Suggs,/players/s/suggsja01.html,suggsja01
594,Edmond Sumner,/players/s/sumneed01.html,sumneed01
595,Cole Swider,/players/s/swideco01.html,swideco01
596,Craig Sword,/players/s/swordcr01.html,swordcr01
597,Keifer Sykes,/players/s/sykeske01.html,sykeske01
598,Jae'Sean Tate,/players/t/tateja01.html,tateja01.
599,Jayson Tatum,/players/t/tatumja01.html,tatumja01
600,Terry Taylor,/players/t/taylote01.html,taylote01
601,Garrett Temple,/players/t/templga01.html,templga01
602,Dalen Terry,/players/t/terryda01.html,terryda01
603,Tyrell Terry,/players/t/terryty01.html,terryty01
604,Daniel Theis,/players/t/theisda01.html,theisda01
605,Brodric Thomas,/players/t/thomabr01.html,thomabr01
606,Cam Thomas,/players/t/thomaca02.html,thomaca02
607,Khyri Thomas,/players/t/thomakh01.html,thomakh01
608,Klay Thompson,/players/t/thompkl01.html,thompkl01
609,Tristan Thompson,/players/t/thomptr01.html,thomptr01
610,JT Thor,/players/t/thorjt01.html,thorjt01.
611,Matisse Thybulle,/players/t/thybuma01.html,thybuma01
612,Killian Tillie,/players/t/tilliki02.html,tilliki02
613,Xavier Tillman Sr.,/players/t/tillmxa01.html,tillmxa01
614,Isaiah Todd,/players/t/toddis01.html,toddis01.
615,Obi Toppin,/players/t/toppiob01.html,toppiob01
616,Juan Toscano-Anderson,/players/t/toscaju01.html,toscaju01
617,Karl-Anthony Towns,/players/t/townska01.html,townska01
618,Gary Trent Jr.,/players/t/trentga02.html,trentga02
619,P.J. Tucker,/players/t/tuckepj01.html,tuckepj01
620,Rayjon Tucker,/players/t/tuckera01.html,tuckera01
621,Myles Turner,/players/t/turnemy01.html,turnemy01
622,Stanley Umude,/players/u/umudest01.html,umudest01
623,Jonas Valančiūnas,/players/v/valanjo01.html,valanjo01
624,Denzel Valentine,/players/v/valende01.html,valende01
625,Fred VanVleet,/players/v/vanvlfr01.html,vanvlfr01
626,Jarred Vanderbilt,/players/v/vandeja01.html,vandeja01
627,Devin Vassell,/players/v/vassede01.html,vassede01
628,Gabe Vincent,/players/v/vincega01.html,vincega01
629,Noah Vonleh,/players/v/vonleno01.html,vonleno01
630,Nikola Vučević,/players/v/vucevni01.html,vucevni01
631,Dean Wade,/players/w/wadede01.html,wadede01.
632,Franz Wagner,/players/w/wagnefr01.html,wagnefr01
633,Moritz Wagner,/players/w/wagnemo01.html,wagnemo01
634,Ish Wainright,/players/w/wainris01.html,wainris01
635,Jabari Walker,/players/w/walkeja01.html,walkeja01
636,Kemba Walker,/players/w/walkeke02.html,walkeke02
637,Lonnie Walker IV,/players/w/walkelo01.html,walkelo01
638,M.J. Walker,/players/w/walkemj01.html,walkemj01
639,John Wall,/players/w/walljo01.html,walljo01.
640,T.J. Warren,/players/w/warretj01.html,warretj01
641,Duane Washington Jr.,/players/w/washidu02.html,washidu02
642,P.J. Washington,/players/w/washipj01.html,washipj01
643,TyTy Washington Jr.,/players/w/washity02.html,washity02
644,Yuta Watanabe,/players/w/watanyu01.html,watanyu01
645,Lindy Waters III,/players/w/waterli01.html,waterli01
646,Tremont Waters,/players/w/watertr01.html,watertr01
647,Trendon Watford,/players/w/watfotr01.html,watfotr01
648,Peyton Watson,/players/w/watsope01.html,watsope01
649,Quinndary Weatherspoon,/players/w/weathqu01.html,weathqu01
650,Thomas Welsh,/players/w/welshth01.html,welshth01
651,Blake Wesley,/players/w/weslebl01.html,weslebl01
652,Russell Westbrook,/players/w/westbru01.html,westbru01
653,Coby White,/players/w/whiteco01.html,whiteco01
654,Derrick White,/players/w/whitede01.html,whitede01
655,Jack White,/players/w/whiteja03.html,whiteja03
656,Okaro White,/players/w/whiteok01.html,whiteok01
657,Joe Wieskamp,/players/w/wieskjo01.html,wieskjo01
658,Aaron Wiggins,/players/w/wiggiaa01.html,wiggiaa01
659,Andrew Wiggins,/players/w/wiggian01.html,wiggian01
660,Lindell Wigginton,/players/w/wiggili01.html,wiggili01
661,Alondes Williams,/players/w/willial06.html,willial06
662,Brandon Williams,/players/w/willibr03.html,willibr03
663,Donovan Williams,/players/w/willido02.html,willido02
664,Grant Williams,/players/w/willigr01.html,willigr01
665,Jalen Williams,/players/w/willija06.html,willija06
666,Jaylin Williams,/players/w/willija07.html,willija07
667,Jeenathan Williams,/players/w/willije02.html,willije02
668,Kenrich Williams,/players/w/willike04.html,willike04
669,Mark Williams,/players/w/willima07.html,willima07
670,Patrick Williams,/players/w/willipa01.html,willipa01
671,Robert Williams,/players/w/williro04.html,williro04
672,Vince Williams Jr.,/players/w/willivi01.html,willivi01
673,Ziaire Williams,/players/w/willizi02.html,willizi02
674,Zion Williamson,/players/w/willizi01.html,willizi01
675,D.J. Wilson,/players/w/wilsodj01.html,wilsodj01
676,Dylan Windler,/players/w/windldy01.html,windldy01
677,Justise Winslow,/players/w/winslju01.html,winslju01
678,Cassius Winston,/players/w/winstca01.html,winstca01
679,James Wiseman,/players/w/wisemja01.html,wisemja01
680,Christian Wood,/players/w/woodch01.html,woodch01.
681,Robert Woodard II,/players/w/woodaro01.html,woodaro01
682,Delon Wright,/players/w/wrighde01.html,wrighde01
683,McKinley Wright IV,/players/w/wrighmc01.html,wrighmc01
684,Justin Wright-Foreman,/players/w/wrighju02.html,wrighju02
685,Gabe York,/players/y/yorkga01.html,yorkga01.
686,Thaddeus Young,/players/y/youngth01.html,youngth01
687,Trae Young,/players/y/youngtr01.html,youngtr01
688,Omer Yurtseven,/players/y/yurtsom01.html,yurtsom01
689,Cody Zeller,/players/z/zelleco01.html,zelleco01
690,Ivica Zubac,/players/z/zubaciv01.html,zubaciv01
